analysis_unit,women_over_65,proportion_indigenous,left_school_y10,single_parent_families,low_income_families,mother_low_education,severely_crowded,crowded,more_bedrooms_needed,Privately_rented,Total_admissions_u15,Adult_Total_admissions,preventable_admissions_u15,Adult_preventable_admissions,Aboriginal_unemployment,female_participation,IRSOI,Ante_natal_care_by_10w,smoking_pregnancy,immunised_by5,severe_disability,age_death,region,all_preventable_admissions,all_admissions,latent_v_community
IARE107001,0,0.82705271,20.726852,56,14.529915,50.943396,0,5.2419355,6.0810811,43.951613,14882.501,38573.016,,2846.7337,11.382114,26.344086,31.372549,65.060195,30,,2.1645022,61.5,1,,53455.52,-2.902694
IARE107002,6.8027579,0.56201969,44.770011,19,4.7029703,28.522337,75.431034,3.5560345,2.4663677,27.909483,7009.6059,22105.333,592.15664,783.19587,4.5851528,68.085106,1.7156863,46.394153,18.664198,90.1603,5.15625,82,1,1375.353,29114.94,1.484199
IARE107003,3.9586449,3.3993316,55.168023,58.050222,13.349849,51.187411,33.480937,17.172481,11.424258,27.983584,17817.654,40300.072,2733.0124,4119.5658,16.612272,46.393075,53.921569,66.344323,47.436044,98.057046,6.295251,54.5,1,6852.578,58117.73,-4.102105
IARE107004,4.4166104,2.726553,45.513024,36.724566,7.2178478,32.293292,0,7.8784468,4.8693587,27.912212,10831.794,26075.683,1906.4534,2395.4828,8.3445491,60.134003,4.6568627,60.344828,32.758621,94.117647,7.1700992,62,1,4301.936,36907.48,-0.5640163
IARE107005,7.4516681,2.0781519,44.342867,47.857143,5.6782334,28.846154,0,16.835443,11.057692,29.620253,14965.514,37897.693,2870.6491,2327.2301,7.7319588,60.120846,10.04902,81.081081,21.621622,,5.483871,72,1,5197.879,52863.21,-2.638776
IARE107006,2.4415996,2.8221214,50.201256,28.409091,7.4698795,31.25,15.487868,6.6081569,4.4496487,27.77491,12157.326,28780.231,1869.9906,1295.4313,8.0178174,70.32967,3.1862745,33.333154,20.952268,100,5.2120141,74,1,3165.422,40937.56,-0.4743895
IARE107007,3.28758,4.5563371,55.530727,53.891336,11.740042,45.100612,28.711366,14.524574,9.6997691,27.039351,15729.822,35448.694,2804.6154,2848.5338,14.232558,54.15677,35.294118,37.18593,38.944724,94.520548,7.5675676,59,1,5653.149,51178.52,-2.783488
IARE107008,7.3365681,0.85522185,48.656205,45.8159,10.526316,37.707006,23.818976,16.951171,12.130886,33.664152,9563.1474,33359.171,1346.755,2942.0989,12.178218,55.852156,20.588235,47.633799,34.96263,100,5.7286893,65,1,4288.854,42922.32,-1.333534
IARE104003,4.5301996,8.6024001,55.958707,46.107784,10.735989,52.932862,8.1037277,14.046461,9.0307044,38.19557,15837.789,30588.139,1620.7998,2091.4635,15.993907,51.626355,39.215686,24.140602,42.088799,98.576968,6.2116878,64,1,3712.263,46425.93,-1.541218
IARE107009,5.8560936,0.87339873,55.025399,58.805031,15.103339,39.960239,121.86865,16.452268,12.138728,33.784699,12068.438,31012.96,2073.3162,2138.9177,15.384615,46.538462,42.401961,48.074696,38.708241,94.969087,8.008982,62,1,4212.234,43081.4,-1.442966
IARE104006a,7.2768709,7.0919117,59.562788,37.341772,10.385757,47.222222,0,9.1584158,6.9333333,39.851485,12163.126,27142.938,1984.0207,1572.1701,15.57971,42.906574,41.666667,,30.555556,,7.3170732,,1,3556.191,39306.06,-0.7032284
IARE104007,5.0813373,3.3794761,49.614063,43.279022,9.1457286,37.572628,10.78516,11.281277,7.793345,37.273512,12943.472,32117.957,1976.8191,2144.5879,12.609367,56.508328,14.95098,45.760106,33.724083,98.10942,6.0427206,63,1,4121.407,45061.43,-1.40736
IARE104008a,7.4461619,6.1816095,57.130403,55.706522,12.722298,51.010886,0,14.551422,9.6590909,42.778993,15417.91,35596.211,2095.6811,1965.6965,18.817204,43.906511,58.578431,,48.192771,,8.6193745,,1,4061.377,51014.12,-2.256438
IARE107010,5.2301497,4.419406,57.236568,33.266932,9.8477157,43.198091,43.478261,12.826087,8.153702,30.73913,12730.838,27658.916,1661.4832,1480.9932,9.7280335,55.345912,14.705882,39.387746,31.547811,98.354775,6.08914,59,1,3142.476,40389.75,-0.6123975
IARE107011,6.694837,1.0415895,55.174084,49.5,12.562814,50.814332,0,15.974441,11.498973,39.084132,9963.4492,34313.665,1900.477,2469.2962,12.113402,59.07781,19.852941,59.712645,38.415246,100,5.3231939,73.5,1,4369.773,44277.11,-1.440195
IARE107012,5.8140011,0.36978219,37.024518,19.54023,7.0866142,14.336918,0,5.9954751,5.9080963,34.049774,8605.182,21081.926,1217.4367,1609.7841,8.2405345,66.257669,1.4705882,51.091863,,96.715736,4.5392022,79,1,2827.221,29687.11,0.8660489
IARE107013,9.0492336,0.4473718,35.818774,36.781609,4.9261084,28.682171,0,5.6433409,4.7058824,35.440181,9170.2837,36562.412,,1638.1056,7.0539419,65.921788,2.2058824,66.052739,,,4.6454768,76,1,,45732.7,-1.336901
IARE107014,4.5134291,0.63570953,46.646219,40.25974,7.2222222,27.853881,0,18.836915,12.470588,41.213654,9503.6009,21359.256,,1534.7181,9.5959596,63.949843,6.372549,60.808449,46.838623,100,4.2253521,75.5,1,,30862.86,0.8077908
IARE104011,5.3151608,4.7028539,55.330833,40.999432,9.7379392,44.313454,0,10.340479,6.8007409,30.390921,14481.557,29714.474,1417.6848,1860.2368,15.204678,55.933485,21.813725,29.533734,32.757229,96.819407,6.0460139,61.5,1,3277.922,44196.03,-1.022457
IARE107016,4.6180129,1.2840097,40.797483,46.153846,13.425926,31.060606,0,14.606742,8.2018927,34.831461,11503.813,31907.102,2777.2332,1878.86,12.406015,58.730159,5.3921569,51.162791,37.209302,91.666667,5.8027079,64,1,4656.093,43410.91,-1.408481
IARE105015a,6.510184,6.4739116,53.160252,44.649446,13.81323,46.347032,71.54213,12.00318,6.4976228,28.616852,19886.612,22527.856,,1624.4721,15.418502,49.773756,38.72549,,45.593077,,6.9811321,65.5,1,,42414.47,-1.241636
IARE107017,4.548904,1.7695736,54.362478,51.811024,11.294526,43.560606,58.079945,15.100786,10.779817,32.490605,12526.151,39732.756,2159.0936,3254.2678,12.68151,49.903661,40.196078,27.584819,39.132616,95.168432,7.3904762,59,1,5413.361,52258.91,-2.854903
IARE104013,3.811912,6.2021939,56.762182,42.151482,10.197775,42.75686,0,9.1844417,5.5100927,37.264743,15922.335,35393.013,1677.5355,2950.6123,16.122715,56.433409,26.470588,27.934158,36.937818,97.694388,6.4951497,55.5,1,4628.148,51315.35,-2.310896
IARE107019,5.7399069,1.74884,36.814486,52.873563,11.27451,30.038023,0,14.86854,9.6930533,31.459655,17491.695,33637.292,2490.7767,3090.6636,12.914485,57.289528,6.127451,36.081501,39.830508,95.085849,5.893019,57,1,5581.44,51128.99,-2.600164
IARE102009,2.8937363,9.9132433,60.958617,50,12.040816,51.953125,0,7.5442648,4.8986486,44.803695,18466.871,40256.683,1788.56,4232.9103,21.212121,49.880096,55.147059,27.272727,49.586777,100,4.1176471,51,1,6021.47,58723.55,-3.746463
IARE104014,3.9053248,4.0556196,51.070416,46.58444,11.298077,40.57623,0,11.630124,7.406095,38.28408,16340.244,36904.285,1930.4772,2493.506,15.523933,57.423251,15.931373,34.071798,38.729776,99.436949,5.9614409,58.5,1,4423.983,53244.53,-2.385133
IARE107020,6.405047,0.64817317,36.251786,23.569024,4.8854962,18.472906,0,8.962963,6.4602961,27.333333,8616.0629,25638.608,1183.4274,1403.1075,3.9492243,66.869919,1.2254902,29.787234,,88.235294,4.2,75,1,2586.535,34254.67,0.3971225
IARE107021,5.6034941,0.81494602,48.23706,51.555556,13.872832,43.965517,30.58104,15.214067,10.123119,30.810398,13509.423,34220.649,1883.3941,3135.946,15.532286,53.557312,25.980392,58.765304,43.627487,95.461675,6.4581917,57.5,1,5019.34,47730.07,-2.136676
IARE107022,3.7074128,4.7657159,52.074804,42.28739,8.6802194,43.787202,38.084875,10.976605,7.7819878,36.207835,15165.212,28636.891,2355.8201,2352.9325,11.62492,55.656451,16.666667,63.980605,39.099144,98.984816,5.3773241,61,1,4708.752,43802.1,-1.519118
IARE104016,4.0264837,5.7104284,57.53226,42.524005,10.925645,45.592949,0,9.8320611,6.5337001,36.152672,16987.23,32923.354,1810.0784,1886.5699,14.065041,53.717472,29.166667,22.08801,32.828583,97.695286,6.1339093,62,1,3696.648,49910.58,-1.81939
IARE107023,6.5330202,1.879956,36.77507,55.223881,11.390533,31.725417,0,16.015625,10.869565,26.116071,17035.269,37020.557,2367.8072,2699.4145,10.814249,53.386454,19.117647,72.649573,36.752137,91.666667,5.1036683,59,1,5067.222,54055.83,-2.809796
IARE107024,4.9369695,0.80409277,41.895246,43.650794,7.4433657,30.726257,0,19.246862,12.082262,56.345886,9726.3678,22951.046,,1010.6363,7.8085642,65.979381,3.4313725,56.994182,24.787681,100,4.0925267,71.5,1,,32677.41,0.4864074
IARE104018,4.2496445,6.7228374,61.801584,37.307692,9.1976517,53.02714,31.274433,11.727912,8.462867,30.258014,13768.807,27362.458,1005.218,1841.861,10.940499,53.140097,25.735294,33.519581,31.03985,96.944468,5.6581986,64.5,1,2847.079,41131.27,-0.5940692
IARE107025,5.987081,1.2940366,39.922179,26.550388,6.7906977,26.403061,37.831021,7.0617907,4.975923,27.490542,11466.721,22831.251,752.68202,1302.6724,6.2937063,64.500602,2.4509804,54.772874,28.003575,100,4.4879171,69,1,2055.354,34297.97,0.5894102
IARE107026,6.2529856,1.5603378,39.477188,71.959459,15.899582,34.937238,55.045872,13.990826,9.5272727,25.59633,15731.336,44998.852,2748.5743,5238.2631,13.896714,50.266809,11.519608,46.379893,54.556893,96.782532,6.6133109,56.5,1,7986.837,60730.19,-4.51549
IARE107027,6.1772298,0.53703713,38.902575,48.823529,9.0185676,30.952381,66.371681,11.615044,9.4161959,43.69469,10384.728,24213.067,1874.1669,1636.5534,7.9331942,65.57377,3.6764706,37.934211,18.723948,94.986455,3.6842105,63,1,3510.72,34597.8,-0.0596679
IARE107028,3.9657679,0.30150841,26.4732,22.535211,2.283105,11.214953,0,10.180995,9.4936709,48.41629,14809.26,27003.235,,1699.171,6.3973064,78.238342,0.24509804,59.994849,,,4.245283,66,1,,41812.5,-0.8650712
IARE107029a,5.0054507,3.8449215,53.316557,28.26087,4.9459042,35.700935,26.666667,7.8666667,4.4843049,25.866667,14039.296,24962.631,3007.0411,1435.9644,7.9632466,63.672655,5.8823529,42.5,,,5.2736318,,1,4443.005,39001.93,-0.8279923
IARE107030a,5.1541567,3.0506587,50.61296,46.509599,11.391824,43.756968,53.445314,14.029395,9.1844512,27.906089,11287.572,29869.17,,2492.3211,14.250248,51.699946,20.833333,57.337884,42.662116,0,5.3722903,,1,,41156.74,-0.9246016
IARE107031,1.9354898,0.45428822,28.009502,22.058824,1.8404908,2.9126214,0,12.566845,11.693548,48.930481,13750.97,33250.076,1402.5111,1775.999,10.080645,66.216216,0.73529412,62.17753,,,1.1331445,,1,3178.51,47001.05,-1.20309
IARE104021,4.5534699,5.8366016,55.852048,45.449406,10.498442,46.918768,0,11.376774,8.1142211,40.291645,14235.788,33447.755,2390.7736,2418.326,14.450665,54.773083,23.284314,48.951974,34.618054,98.463212,6.9611051,64,1,4809.1,47683.54,-1.967722
IARE102001,4.2219964,8.3723093,53.064577,54.421769,13.152805,42.48366,141.71288,13.986445,6.2780269,31.669747,21102.199,42108.042,4020.129,4536.3702,23.752495,41.216216,66.421569,33.163686,57.980824,92.471245,4.3392505,53,2,8556.499,63210.24,-5.268964
IARE104001,6.4815308,3.9735949,48.586441,49.042146,10.056926,41.216216,0,12.876506,9.1338583,36.295181,19032.646,42166.669,4562.2881,3954.8686,15.966387,45.041322,36.519608,43.076923,49.230769,95.744331,6.2848051,60,2,8517.156,61199.32,-4.868093
IARE104002,6.6476804,2.3205657,41.268682,42.056075,8.2987552,18.867925,0,14.311594,8.5616438,36.413043,10938.861,28239.449,1939.4839,2268.864,8.75,55.607477,10.539216,30.112498,20.066556,,5.9701493,64,2,4208.348,39178.31,-0.8593718
IARE104004,5.7827314,7.6932364,54.111755,50.23622,12.280702,46.91689,61.848958,16.373698,9.9118943,39.160156,16241.582,40292.418,2781.8574,3234.2886,24.708378,43.081181,60.04902,26.754251,38.814902,96.680515,6.7482517,60,2,6016.146,56534,-3.565374
IARE104005,5.7177338,6.3454068,54.464117,53.031674,12.402344,47.797131,35.023041,16.75576,10.458333,36.645161,12831.058,37632.415,2253.3756,3847.4609,19.249862,46.708464,49.509804,41.119032,42.381821,96.261674,6.4466105,62,2,6100.836,50463.47,-2.932547
IARE102002,8.6154495,7.4705275,51.990217,54.255319,19.20904,46.067416,0,7.7079108,6.4102564,42.799189,17409.279,44550.228,2101.3893,5403.6053,22.292994,48.366013,58.088235,44.736842,44.736842,81.25,4.5643154,66,2,7504.995,61959.51,-4.5672
IARE104006b,7.2768709,7.0919117,59.562788,37.341772,10.385757,47.222222,0,9.1584158,6.9333333,39.851485,12163.126,27142.938,1984.0207,1572.1701,15.57971,42.906574,41.666667,,30.555556,,7.3170732,,2,3556.191,39306.06,-0.7032284
IARE104008b,7.4461619,6.1816095,57.130403,55.706522,12.722298,51.010886,0,14.551422,9.6590909,42.778993,15417.91,35596.211,2095.6811,1965.6965,18.817204,43.906511,58.578431,,48.192771,,8.6193745,,2,4061.377,51014.12,-2.256438
IARE102003,6.1601743,15.347824,58.655638,50.803859,12.316176,44.684385,0,11.680727,7.4695122,44.841012,19108.071,38025.644,3762.1976,3235.2982,17.668488,50.679612,43.382353,23.265516,51.933497,100,4.6955246,68,2,6997.496,57133.71,-3.849984
IARE102004,10.175927,11.458692,59.192223,41.860465,13.548387,41.772152,0,18.735892,10.227273,29.571106,25151.838,42349.835,4182.4633,3897.0506,18.803419,41.726619,75,36.300632,47.556622,,6.0538117,43,2,8079.514,67501.67,-5.733493
IARE102005,5.6702453,9.6403514,57.161724,59.428571,19.607843,53.385827,107.07912,17.965497,10.694444,40.987507,18495.686,44181.577,2301.0593,3761.9165,24.103586,42.831858,70.343137,32.859909,46.562132,99.864346,6.6720257,58.5,2,6062.976,62677.26,-4.314392
IARE104009,5.8961808,14.244419,51.140038,62.541806,14.511352,46.689304,39.60396,19.669967,11.75,35.082508,16802.763,48354.287,2710.3598,4411.7817,21.300138,34.917733,71.568627,50.364964,57.664234,97.478992,6.5196548,57,2,7122.142,65157.05,-5.02394
IARE104010,3.3019523,5.124053,60.405566,59.090909,9.7744361,40.677966,0,18.032787,8.6705202,37.704918,20116.605,60033.813,4984.6904,4763.2407,23.232323,33.571429,74.754902,50.76959,59.162304,,6.6805846,62.5,2,9747.931,80150.42,-7.524419
IARE104012,3.4856222,5.9943173,53.169949,52.771619,12.817259,41.699346,38.480038,14.333814,8.9613035,37.758538,22204.173,48580.17,5528.9222,3732.5722,19.761273,53.611111,34.313725,44.062838,53.897743,92.679016,6.2532035,58,2,9261.494,70784.34,-6.129005
IARE102006,11.604951,15.161995,53.155782,43.678161,12,39.726027,0,12.674544,7.1942446,31.04189,11679.439,26508.427,1712.3243,2836.0041,18.380062,42.985075,47.794118,57.894737,60.526316,100,5.0617284,61,2,4548.329,38187.87,-1.035004
IARE102007,6.0487964,30.823871,56.51495,67.532468,19.005329,50,0,15.05895,8.1491713,28.778135,17133.918,34173.4,2578.2671,3342.6669,26.210351,41.466855,75.735294,32.954545,47.727273,100,4.0156163,62.5,2,5920.934,51307.32,-3.042265
IARE102008,4.6852156,20.311007,62.423838,53.548387,24.806202,46.202532,713.50165,27.332602,11.960133,24.588364,29473.857,57675.26,4681.5721,7670.8836,22.317597,35.423197,80.882353,64.685625,38.496856,96.2901,3.4274194,63.5,2,12352.46,87149.12,-9.360276
IARE102010,5.5847426,15.105774,56.917623,48.160535,15.648855,45.622896,38.535645,12.780989,7.0359281,37.572254,22019.935,49127.047,2833.4848,4040.5432,18.857143,46.992481,60.539216,48.006468,54.373205,95.093195,4.6010065,67.5,2,6874.028,71146.98,-5.375452
IARE104015,4.3211809,4.8520486,52.292359,42.199108,9.8221191,41.688425,0,10.866091,7.6770351,43.048897,10040.941,29734.33,1753.627,2254.9031,14.186851,54.282964,24.509804,26.190476,35.119048,98.924731,8.0033003,67,2,4008.53,39775.27,-0.8340793
IARE104017,3.3099717,8.7179229,54.254246,50.299401,14.028777,47.634069,0,15.671642,10.703364,40.174129,23492.563,56011.285,5252.1476,4818.1549,21.894737,41.153846,66.911765,46.143302,58.816837,100,6.4335664,55,2,10070.3,79503.85,-7.553444
IARE102011,4.803482,12.250569,58.398596,50.912106,10.99325,44.322665,8.6221762,12.553889,7.8525641,42.679772,22396.791,43848.87,3218.7048,3661.8593,16.171456,51.971326,42.647059,37.844037,46.788991,98.342541,5.1981253,59.5,2,6880.564,66245.66,-4.818816
IARE104019,4.5652868,8.2588116,58.394763,53.879941,15.789474,51.963048,30.740855,15.278205,8.9401586,37.011989,17485.559,33521.675,2169.7822,2736.0209,23.119469,42.390289,68.627451,41.22807,45.614035,98.666667,7.9339509,60,2,4905.803,51007.23,-2.627335
IARE102012,3.7762976,7.3155369,57.582077,57.317073,19.858156,46.896552,0,14.962594,8.4745763,28.179551,24719.649,60252.815,,5754.8643,25.263158,36.49635,77.45098,51.428571,68.571429,95.238095,6.2906725,61.5,2,,84972.46,-8.368104
IARE104020,6.1724688,4.7610143,51.847939,43.809524,9.0783091,39.309764,16.816143,13.088565,8.504222,38.508969,14055.143,37238.343,2474.8025,2727.0121,12.731152,55.442443,22.303922,29.577465,29.577465,95.714286,5.6699291,64,2,5201.814,51293.49,-2.517051
IARE102013,4.4040604,6.2634601,59.892524,34.567901,8.6206897,47.058824,85.106383,4.5390071,5.5555556,36.453901,16439.463,36195.098,1046.1933,2324.1886,9.8591549,55.021834,16.421569,29.787234,38.297872,,3.5849057,,2,3370.382,52634.56,-1.867539
IARE102014,8.3463617,8.1032608,52.774803,44.715447,14.027149,36.619718,0,7.3043478,5.5350554,32.347826,12196.66,43410.293,1997.5321,4158.3996,15.577889,48.587571,47.303922,,61.929909,100,6.7978533,66,2,6155.932,55606.95,-3.383833
IARE105001,3.4856908,3.2968029,58.431602,56.363636,18.71345,50,101.37581,11.440985,7.1104387,35.481535,18953.527,43035.615,2416.6116,4034.1759,23.623853,45.258621,56.617647,62.698872,52.245503,98.019599,5.625,55,3,6450.788,61989.14,-4.257533
IARE106001,4.3914895,3.7204572,52.043237,43.72093,14.583333,46.770026,0,11.919192,7.1729958,32.727273,18905.118,44722.451,2193.9033,3325.1747,16.507937,44.444444,53.676471,61.757464,56.385819,92.684769,5.2060738,58,3,5519.078,63627.57,-4.104958
IARE105005,6.6462734,11.749027,62.885649,36.470588,12.650602,44.370861,0,9.6412556,4.8245614,44.394619,16963.647,47414.956,2901.5936,4299.34,6.9364162,46.496815,33.333333,56.862745,41.176471,,5.9701493,70.5,3,7200.934,64378.6,-4.663213
IARE105006,5.775152,3.5959513,56.111947,42.857143,13.461538,43.333333,0,7.1868583,2.6819923,37.577002,11565.71,32217.514,1019.9208,1803.0733,10.526316,56.287425,21.078431,63.698754,40.516825,,5.8585859,57,3,2822.994,43783.22,-0.8318451
IARE105007a,5.6755716,3.9352024,55.015886,36.879433,12.851406,41.634241,0,5.1805338,2.5641026,33.908948,15203.254,41730.901,,3279.3079,17.479675,58.585859,26.22549,,,,8.5487078,,3,,56934.16,-3.334809
IARE105008,12.188782,6.5851458,55.560808,50.666667,12.269939,46.923077,0,3.2338308,4.368932,29.850746,11790.774,44688.042,,2765.7926,9.2198582,46.979866,31.617647,60,70,,9.4915254,65.5,3,,56478.82,-3.34734
IARE105010,7.2397728,4.8139921,52.53689,52.5,15.813953,51.173709,0,10.356537,7.7192982,30.560272,12696.975,43157.262,2069.1622,3368.0182,18.539326,41.025641,48.77451,83.038554,40.300146,100,3.8539554,63,3,5437.18,55854.24,-3.173811
IARE106002,5.6151387,6.9170671,57.607766,52.849741,13.114754,49.19571,39.273441,16.34757,10.454545,33.971527,16230.648,48377.516,2196.8335,4178.132,20.760697,43.162393,68.382353,77.003952,38.379202,91.889164,7.4544451,63,3,6374.965,64608.16,-4.603775
IARE105012,5.4464746,6.0772874,62.780997,51.181102,13.215859,51.678832,0,10.841333,7.2570726,35.629588,20670.498,50361.686,4132.8347,4989.244,17.664671,50.165017,55.392157,62.35379,47.686087,95.424634,5.9107358,63,3,9122.079,71032.19,-6.181297
IARE105013,6.469825,7.1062887,37.1586,45.045045,13.122172,34.199134,0,9.4545455,6.0240964,35.818182,14082.901,33883.42,2945.7254,2780.2861,13.529412,41.025641,46.078431,29.363459,37.159937,95.923958,5.0793651,63,3,5726.012,47966.32,-2.474824
IARE107015,4.0545659,3.9787515,54.321066,41.219158,9.7427903,47.597043,47.361299,12.280108,7.8431373,27.976996,13142.055,25601.321,2213.0124,1838.0562,13.747811,55.278884,23.039216,60.9375,39.0625,98.717949,5.8956916,55,3,4051.069,38743.38,-0.8162194
IARE105017,6.4425283,12.293721,61.645461,56.756757,16.042781,45.502646,111.52416,8.7360595,5.7142857,35.501859,22406.915,51349.488,6704.4678,4216.3733,11.60221,40.909091,50.735294,30,60,100,3.7225042,71.5,3,10920.84,73756.41,-7.084334
IARE106003,6.0374917,6.6996216,54.494442,47.644444,11.717268,46.769231,0,10.488038,6.9278351,34.392344,15283.504,31104.704,2173.5124,1902.2352,16.38322,47.881602,40.931373,54.885057,40.804598,99.378882,6.0796646,65.5,3,4075.748,46388.21,-1.636228
IARE106004,3.7791764,3.3651221,50.118985,39.819005,9.0588235,37.552743,0,8.4433962,5.9338521,30.377358,13182.952,30567.916,1833.0992,1994.3267,9.7744361,63.612218,10.784314,53.829907,45.217391,94.753406,5.4476807,53,3,3827.426,43750.87,-1.181806
IARE106005,5.8915484,3.1838817,49.578923,40.84507,10.497238,46.333688,0,9.3920499,6.7675159,30.475448,12994.698,26802.707,2209.1298,1715.3124,11.645813,53.975364,16.176471,54.230038,39.847418,97.501152,5.9795819,67,3,3924.442,39797.41,-0.7557521
IARE105019,7.1863508,5.2932682,49.52541,50.526316,17.877095,43.274854,0,12.579957,4.9327354,26.012793,16665.227,46959.466,,2097.9461,17.449664,41.954023,49.264706,56.25,53.125,100,3.7267081,63,3,,63624.69,-4.734398
IARE105020,5.5017764,3.3543706,52.519532,41.37931,13.770492,47.546012,0,13.157895,8.8888889,37.894737,12322.187,35641.727,,2039.7622,14.457831,55.357143,28.186275,59.625048,24.321963,100,8.6956522,58.5,3,,47963.91,-2.115983
IARE105021,3.9415561,6.6366486,55.022979,50.795756,11.917916,47.189349,11.682243,9.0537383,6.1499039,36.331776,20094.979,53633.109,3441.844,4114.0959,14.759536,51.206897,35.539216,30.779966,48.759988,97.964836,5.1430641,61,3,7555.94,73728.09,-5.771027
IARE107029b,5.0054507,3.8449215,53.316557,28.26087,4.9459042,35.700935,26.666667,7.8666667,4.4843049,25.866667,14039.296,24962.631,3007.0411,1435.9644,7.9632466,63.672655,5.8823529,42.5,,,5.2736318,,3,4443.005,39001.93,-0.8279923
IARE107030b,5.1541567,3.0506587,50.61296,46.509599,11.391824,43.756968,53.445314,14.029395,9.1844512,27.906089,11287.572,29869.17,1269.965,2492.3211,14.250248,51.699946,20.833333,57.337884,42.662116,95.238078,5.3722903,63.5,3,3762.286,41156.74,-0.9153023
IARE105022,8.0750898,5.17105,53.661169,48.091603,16.256158,48.672566,55.762082,9.6654275,7.5396825,44.423792,14135.692,34596.613,2175.8511,2161.4478,20.958084,47.682119,48.529412,58.471235,55.193458,92.378879,4.5092838,66,3,4337.299,48732.3,-1.978996
IARE105002,5.9363996,11.394753,57.072763,51.428571,24.701195,44.69697,128.86598,19.587629,9.5541401,28.608247,13439.05,45765.028,2039.5832,4744.1262,25,30.696203,78.921569,51.877361,73.396283,100,5.9302326,62.5,4,6783.709,59204.08,-4.264585
IARE105003,3.0762822,6.5046697,46.711016,51.17773,13.722826,41.943419,19.930244,9.9651221,6.5934066,42.700548,20069.836,38352.028,3719.3383,3925.4151,15.841584,52.095808,33.823529,51.029912,47.753997,98.204787,5.0091631,62,4,7644.753,58421.86,-4.19583
IARE105004,4.0409639,4.2316143,56.376474,37.012987,8.1850534,41.635688,0,5.465288,4.375,31.462334,15277.24,37043.973,2752.2952,2575.0331,12.096774,52.857143,15.441176,40.489313,34.854793,100,7.0921986,70,4,5327.328,52321.21,-2.519171
IARE101001,5.4493899,20.574128,54.187674,44.186047,19.863014,36.931818,0,12.560386,9.9447514,28.743961,10860.3,41346.288,2375.9233,3182.4786,12.962963,51.408451,37.009804,52.173913,54.347826,100,1.4150943,69,4,5558.402,52206.59,-2.801491
IARE103001,6.5908552,41.613234,59.599693,46.323529,9.7959184,45.090909,0,16.152898,8.6956522,19.358816,21027.836,49354.126,3429.9317,4952.478,16.602317,46.153846,64.460784,52.222222,57.777778,97.142857,2.6347305,61,4,8382.41,70381.96,-5.970418
IARE103002,6.6040459,67.637766,58.874593,62.068966,23.529412,51.636364,193.96552,27.37069,14.662757,14.978448,21413.799,51736.51,3973.8468,5293.6706,32.319392,33.15508,80.637255,53.49113,57.766526,97.464705,3.0447193,61,4,9267.518,73150.31,-6.688697
IARE103003,6.7582039,16.8499,63.415262,36.842105,14.220183,55.339806,0,10.731707,4.9469965,25.853659,18094.162,34790.542,1850.3097,3793.962,16.455696,48.660714,54.656863,60.606061,42.424242,77.777778,3.2733224,69,4,5644.272,52884.7,-2.96298
IARE105007b,5.6755716,3.9352024,55.015886,36.879433,12.851406,41.634241,0,5.1805338,2.5641026,33.908948,15203.254,41730.901,,3279.3079,17.479675,58.585859,26.22549,,,,8.5487078,,4,,56934.16,-3.334809
IARE103004,7.0279584,38.628412,53.349836,59.898477,14.404432,39.858491,0,13.103448,8.7248322,24.396552,12534.052,46389.104,2189.6565,6301.4499,28.045326,43.309002,73.284314,55.696203,59.493671,100,6.4878893,66,4,8491.106,58923.16,-4.727882
IARE105009,7.4307155,9.3649562,59.632435,50.549451,16.208791,49.371069,0,6.2105263,4.7619048,26.947368,13889.934,36119.275,2042.5399,3065.6442,16.718266,44.144144,52.696078,36.44194,35.998056,100,8.0820265,68.5,4,5108.184,50009.21,-2.406069
IARE101002,4.3712998,17.013547,56.519171,52.364273,10.918367,45.208041,38.596491,13.877193,7.8118256,38.175439,18104.056,32398.141,3245.3615,2595.3627,16.012921,53.594771,38.970588,50.956141,42.431866,96.836523,5.1414906,61,4,5840.724,50502.2,-2.774483
IARE103005,4.6016907,13.585028,60.830599,55.889724,15.285714,55.090656,75.365049,15.685351,9.0285714,32.171455,15206.815,35902.193,3098.5264,3835.9275,22.076023,43.239796,69.362745,61.24031,71.317829,100,4.3576941,65,4,6934.454,51109.01,-3.382205
IARE105011,7.0253078,13.636937,53.285984,45.502646,13.079019,41.839763,0,7.0914697,3.7777778,28.057554,13014.925,29893.246,1190.7277,1390.416,14.175258,51.187335,30.392157,41.37931,41.37931,100,5.7405281,72,4,2581.144,42908.17,-0.5974393
IARE101003,8.1066816,17.129247,62.070358,58.196721,17,55.223881,0,14.310954,9.3495935,38.869258,13383.635,36357.263,,3057.3085,26.344086,40.47619,73.529412,69.387755,67.346939,100,5.8601134,65,4,,49740.9,-2.653244
IARE105014,5.0807011,21.211977,53.405603,49.753695,14.202899,41.935484,0,18.30855,10.798122,29.553903,13855.009,47499.036,2807.3597,5279.6373,25.336927,47.869674,68.137255,44.736842,48.684211,100,5.5762082,63,4,8086.997,61354.05,-4.889894
IARE105015b,6.510184,6.4739116,53.160252,44.649446,13.81323,46.347032,71.54213,12.00318,6.4976228,28.616852,19886.612,22527.856,,1624.4721,15.418502,49.773756,38.72549,,45.593077,,6.9811321,65.5,4,,42414.47,-1.241636
IARE105016,4.9268769,6.9314118,55.187404,37.151703,13.868613,45.21576,0,8.594319,5.2795031,39.694101,9283.3833,27617.747,1930.3922,2279.1945,15.2,50.556793,36.27451,33.802817,46.478873,93.939394,5.720339,65,4,4209.587,36901.13,-0.6606499
IARE101004,5.3485323,24.254059,56.61094,51.054852,12.557078,44.556452,0,12.539185,7.4003795,38.557994,13941.357,34510.407,2104.5011,3030.894,17.006803,50.917431,43.872549,51.351351,52.702703,92.857143,4.2486231,68,4,5135.395,48451.77,-2.268158
IARE105018,3.4838338,7.5950041,59.642646,51.582868,11.25,48.074922,20.145044,12.006446,7.4906367,37.389202,16732.083,36156.517,3606.83,2731.1515,18.43318,49.702026,45.588235,49.415815,44.105405,98.62543,5.3191489,57.5,4,6337.981,52888.6,-3.230214
IARE101005,5.8393109,12.274007,56.908553,48.22695,16.374269,45.229008,0,13.908702,9.223301,33.380884,10608.257,34094.758,1084.4158,2668.6539,21.041667,45.995893,56.127451,47.887324,39.43662,97.142857,6.2822719,63,4,3753.07,44703.02,-1.449771
IARE103006,6.6608402,36.46703,60.92526,61.029412,19.253438,53.654189,46.162724,18.6382,9.7560976,17.541835,18020.997,50431.188,4066.5964,5084.6601,26.621924,36.785162,82.107843,64.227642,57.723577,100,4.4505495,60,4,9151.257,68452.19,-6.119897
IARE101006,5.5193717,18.9221,58.850875,51.428571,13.385827,42.741935,0,13.941019,8.5365854,29.490617,10321.406,35097.519,1528.8375,3880.1008,28.125,45.138889,70.098039,54.397722,54.825955,100,5.0704225,69,4,5408.938,45418.93,-2.143029
IARE101007,6.7411414,12.693437,52.990722,51.351351,15.57971,49.824561,37.3599,7.8455791,5.4131054,37.608966,14184.157,32950.036,2382.8925,2053.5025,26.122449,40.659341,67.892157,54.901961,49.019608,94.117647,5.5198973,57,4,4436.395,47134.19,-1.960644